"PAREDINT","BOOKSHOME","READ_AVG"
16,NA,614.4452
12,4,484.1588
16,6,677.1773
12,2,531.0248
12,2,570.4623
16,4,426.2382
16,3,351.4907
16,4,541.5499
16,4,479.6939
16,6,548.0776
16,1,599.0943
12,NA,512.4081
14.5,3,443.9162
16,NA,640.9333
NA,NA,605.8254
16,4,588.3953
16,4,559.1278
12,1,490.5752
14.5,4,625.2189
16,6,613.9178
9,2,313.2727
12,4,399.1835
16,4,614.8035
12,7,603.0211
16,4,556.6363
14.5,3,595.8721
16,3,472.6176
NA,NA,343.831
9,2,538.3619
16,2,580.1161
16,6,703.6392
12,NA,670.4394
16,4,402.9657
16,NA,632.8866
16,3,411.0322
16,1,397.3814
16,6,447.2041
6,4,615.5677
16,4,524.0002
16,4,640.3987
14.5,1,467.8105
3,1,267.7854
12,4,466.5729
16,2,486.5856
16,2,583.159
16,3,507.1562
16,NA,644.7446
16,4,508.0082
14.5,4,516.1663
14.5,2,408.4794
16,NA,462.0621
16,NA,572.8516
12,2,441.2248
16,6,649.571
16,6,703.6697
14.5,4,509.8422
16,3,483.3545
3,2,599.7572
16,4,342.0732
12,2,538.5156
12,2,554.0186
14.5,4,437.5591
16,2,537.7309
9,1,298.3049
16,4,560.4937
12,4,604.0554
14.5,1,283.0074
9,2,435.8046
NA,NA,392.7542
16,4,407.8843
16,7,572.0159
16,NA,472.8163
14.5,4,494.8398
16,3,490.3336
16,6,554.0134
3,2,413.2146
16,6,508.6821
12,NA,735.1633
12,4,390.9006
16,4,490.5133
NA,NA,355.1362
12,4,593.3794
12,1,410.684
16,4,623.883
12,3,395.3901
16,NA,550.5434
16,2,566.2773
9,3,444.8823
12,4,528.8119
9,4,296.0565
9,2,475.3499
NA,NA,503.8622
16,1,334.8058
16,4,500.1852
16,2,416.5694
16,2,393.2666
12,1,301.4722
12,4,481.2628
12,3,293.3069
16,4,538.9461
NA,NA,516.2886
12,3,369.5163
9,2,521.295
14.5,3,410.4395
16,1,369.5742
3,2,550.3159
12,4,547.6498
16,3,523.4652
12,3,408.4797
14.5,2,614.0647
16,NA,525.2238
16,4,512.0737
16,4,527.1493
12,4,669.7946
16,4,589.3409
14.5,2,272.5412
16,3,540.0683
16,2,446.5122
16,4,620.6673
12,1,338.5913
12,3,461.5175
12,3,548.1602
14.5,6,604.7636
12,4,293.9399
14.5,1,353.1356
16,6,552.9467
16,3,535.1209
16,3,360.2387
16,NA,487.529
12,2,602.7114
16,NA,592.839
16,7,650.9636
NA,NA,529.6596
16,NA,616.1588
16,NA,485.6639
16,4,570.8421
12,2,309.4977
16,6,593.936
16,2,544.6418
9,4,272.5813
16,2,403.0099
12,1,461.6312
12,3,318.4323
14.5,2,450.674
12,3,573.8997
16,4,524.0678
12,4,520.6061
16,4,426.5124
12,2,412.5278
16,3,447.9083
14.5,3,613.8226
NA,NA,619.7567
14.5,7,535.4775
12,1,569.0544
16,6,500.9386
14.5,4,434.6199
14.5,4,596.5487
12,3,461.6107
16,4,562.1462
NA,NA,445.5525
12,4,627.7833
6,2,494.7623
16,6,718.1438
NA,2,415.0489
14.5,6,512.7122
12,3,284.5192
12,4,391.5966
16,4,486.9105
14.5,2,567.6085
12,1,441.4035
3,2,431.727
NA,NA,569.8499
12,2,702.652
NA,NA,524.6894
9,3,401.2817
NA,NA,523.9787
16,4,352.5854
12,3,355.2023
16,4,594.8232
16,4,479.8681
16,4,445.2085
12,3,533.6216
16,3,633.3968
12,NA,422.7406
16,NA,490.0553
16,4,654.5501
12,NA,567.1602
16,2,486.4853
16,2,536.625
12,4,508.2678
16,6,631.9173
14.5,NA,618.7312
12,4,726.5741
16,1,398.5547
16,2,444.6672
16,NA,480.4375
6,2,429.3483
16,3,425.4695
12,2,294.8028
16,4,447.659
16,3,486.2419
16,2,481.345
16,3,529.7311
16,4,439.2171
16,NA,638.5065
16,3,704.2682
12,2,538.4926
9,6,403.4065
12,4,464.3017
16,2,424.575
16,6,723.0643
16,2,525.2036
16,2,498.2499
12,2,409.5407
12,3,335.4912
16,6,567.1569
NA,NA,382.2037
14.5,1,331.6624
12,2,322.3379
9,3,555.6444
12,4,587.923
16,NA,506.4427
16,3,617.2916
16,NA,514.6723
NA,NA,577.0349
16,3,261.7558
16,4,421.6519
9,2,500.5423
6,3,438.5806
12,4,693.0818
9,1,472.9504
14.5,3,503.0007
12,NA,724.392
16,4,585.3317
9,1,366.2607
14.5,4,390.7072
16,7,484.7259
16,3,373.6021
16,3,546.285
12,2,388.3329
16,NA,361.8232
16,3,403.2388
16,NA,574.7814
12,4,583.3519
9,2,275.5992
12,NA,441.4737
12,4,486.3237
12,2,429.9627
16,2,601.4832
14.5,4,587.4317
12,4,544.9895
16,4,533.6791
16,4,471.0953
16,4,601.6698
16,NA,533.9986
16,3,359.7244
16,2,390.2351
16,NA,646.7385
6,2,407.6353
16,NA,510.6866
12,4,479.1119
14.5,2,448.0203
9,4,506.893
16,NA,726.0701
16,2,299.5406
12,4,553.9388
16,4,577.101
16,7,479.7937
12,2,529.4698
16,4,552.9129
16,1,467.0309
16,3,456.1528
12,NA,480.5226
16,6,700.7477
12,3,564.655
16,6,541.3802
16,7,623.5456
12,1,385.5292
16,4,486.2624
16,2,321.8983
16,4,485.0566
14.5,4,277.6118
12,2,472.4394
6,2,420.8886
16,3,467.489
9,2,345.7173
12,3,496.1336
16,2,338.5749
16,1,533.1706
16,1,253.4706
12,NA,324.6313
16,NA,633.6714
16,NA,484.1107
16,NA,374.5363
14.5,2,606.7461
14.5,2,519.4098
14.5,4,527.9373
14.5,2,333.024
16,3,498.5637
12,4,561.9756
6,2,572.1074
16,4,658.294
16,6,455.9363
12,2,316.4837
16,2,566.5207
12,7,652.0087
16,4,614.1997
12,3,533.938
16,1,320.0988
12,6,474.4742
12,3,360.8678
16,NA,391.8435
16,2,339.564
12,1,279.7798
14.5,2,682.0056
16,6,598.6039
16,7,439.0424
16,3,575.7704
12,4,604.7811
16,2,508.1162
9,2,306.075
16,4,599.9373
16,4,458.5112
12,2,457.5549
16,NA,562.0751
16,4,549.1866
12,2,622.1318
16,NA,390.8324
16,4,456.0745
12,3,524.2838
16,4,549.494
16,4,590.205
12,3,495.4001
16,6,677.609
12,2,566.0546
16,2,423.5268
16,7,730.8705
16,NA,565.9799
16,6,709.5476
12,6,672.4659
12,6,486.5468
12,2,412.8843
12,2,507.1159
16,4,482.3615
16,4,449.979
16,4,594.8981
16,2,362.4126
12,2,261.0004
16,2,511.7091
16,3,626.6144
12,4,430.4101
NA,NA,444.2127
16,4,422.8611
12,1,663.7011
16,4,637.9857
16,4,658.2334
12,6,496.9823
12,4,476.1406
16,4,663.581
16,4,552.5401
16,2,545.5698
16,3,464.7584
16,NA,543.2334
12,1,227.2682
16,NA,487.9817
16,6,507.0538
12,7,523.5941
16,4,583.0405
16,4,596.7242
12,2,479.8778
12,4,456.5916
9,2,339.307
12,1,351.1263
12,2,280.1986
16,6,485.0267
12,2,417.2338
16,4,440.9359
16,2,501.657
16,6,484.1037
16,1,302.5857
16,NA,547.7426
12,2,466.2305
16,6,761.8116
16,3,504.7341
16,2,439.1467
16,NA,560.2976
16,1,447.5837
12,4,519.7314
12,3,539.4291
16,6,743.6168
16,3,586.8965
16,7,648.8413
12,4,496.7169
16,1,343.729
16,4,631.5107
14.5,2,434.4229
16,NA,524.3036
16,1,283.6592
16,NA,623.6611
16,2,405.4311
16,7,527.8772
12,3,526.4985
16,6,481.8255
16,4,603.1157
12,3,365.6075
NA,NA,521.8584
16,4,610.6114
12,4,578.0855
14.5,2,428.4289
12,1,478.3457
16,3,529.2442
16,4,664.2358
12,4,438.6292
12,1,444.1109
16,4,479.4597
16,3,445.4045
9,2,356.8311
12,7,501.1689
16,4,384.5658
16,3,386.2325
12,2,510.262
12,4,607.5023
12,4,425.394
16,4,545.1791
12,3,432.7238
16,7,454.4842
14.5,4,672.048
16,4,517.8406
14.5,3,379.9381
16,2,403.241
16,4,550.0855
16,4,539.4209
12,4,508.6223
12,2,593.5132
16,3,584.6809
16,3,466.8803
12,3,352.7881
14.5,6,538.2765
16,4,654.36
12,3,505.5272
16,NA,713.6605
16,3,519.2123
6,1,601.961
12,2,577.018
12,4,375.0096
16,2,434.7798
12,3,481.6298
9,2,470.0735
12,3,553.705
NA,2,494.9854
16,6,616.8331
16,4,798.1836
12,1,486.9979
14.5,6,605.0538
16,NA,562.4419
16,4,499.7753
16,4,590.1219
16,NA,675.84
12,4,548.8664
16,2,312.9821
12,3,594.7456
16,4,286.4377
16,4,427.7447
16,4,494.3951
12,4,538.2326
16,6,438.1182
16,3,488.7961
16,2,447.9827
12,7,636.6041
16,2,517.403
16,2,443.597
NA,NA,401.8421
16,3,634.2171
16,3,407.784
12,4,449.7039
16,3,460.6505
9,3,287.593
16,2,385.8634
12,2,407.4324
16,1,275.7787
16,4,443.7746
12,2,493.5486
16,3,455.5963
16,2,476.0158
12,NA,615.3848
12,4,686.3702
16,6,636.4564
9,3,407.9444
16,NA,378.2813
16,6,526.9804
16,6,418.9872
16,1,553.612
12,3,488.3937
NA,NA,399.9232
16,4,550.5964
14.5,4,531.8986
16,7,395.9481
16,2,367.4853
16,2,351.11
16,6,496.6319
16,4,506.6521
16,2,270.4383
16,2,564.1473
9,2,479.1574
16,1,286.4915
12,1,422.8911
16,4,653.532
12,2,469.6421
3,3,492.9854
12,4,430.8742
12,3,529.7181
16,4,495.7663
16,7,481.2438
9,2,433.1063
16,4,500.2339
12,6,551.8477
16,7,732.7545
16,6,536.6888
16,2,554.174
16,2,347.3596
12,3,509.7238
16,3,544.8414
9,4,504.221
16,1,328.163
12,1,468.4572
14.5,4,501.8665
16,6,590.4585
16,2,646.4562
12,4,628.6589
16,4,326.8177
16,1,590.1156
16,NA,546.8341
9,3,454.5144
12,4,439.4504
3,2,462.198
12,NA,571.8774
12,3,528.2326
12,2,550.2701
16,4,585.164
16,2,325.0161
16,2,364.1336
12,1,346.561
16,1,321.8505
16,2,452.3497
16,6,645.7076
16,4,770.6798
16,4,461.1208
16,2,596.9455
12,3,335.4943
16,3,440.6643
16,2,489.0186
16,7,586.4586
16,3,463.1376
16,NA,548.3689
12,1,440.1946
16,2,508.0371
16,4,450.9722
12,4,543.0927
16,4,594.5059
16,NA,609.8268
16,3,593.055
16,4,566.2198
16,2,417.8771
16,4,596.0823
16,4,503.2895
16,NA,740.2161
16,NA,657.2167
16,2,509.7719
16,4,585.9073
16,3,577.4759
6,1,528.707
16,2,545.2925
12,2,565.28
16,2,354.7749
12,2,400.1925
9,1,396.278
16,NA,730.1788
12,7,426.4474
14.5,2,431.495
16,3,560.7152
14.5,3,443.0061
16,NA,374.8389
12,1,338.262
16,3,549.9991
16,NA,443.8967
16,2,463.7558
16,NA,634.6518
16,4,426.0662
NA,NA,662.2647
12,4,536.3664
16,4,667.3254
16,NA,505.9112
16,2,476.6597
16,3,436.4068
16,3,565.9023
12,1,374.6747
9,4,384.7523
16,2,460.4497
12,2,310.3323
NA,NA,468.011
16,2,475.9474
16,NA,356.7241
12,6,409.108
12,2,552.7285
16,NA,579.9079
16,4,590.7127
12,3,546.9052
16,7,736.884
16,3,234.0218
16,3,404.5798
12,NA,564.2015
16,NA,697.009
16,4,329.372
16,NA,572.4144
16,NA,570.5423
16,4,683.0628
12,2,441.1621
14.5,2,382.8278
12,3,705.229
16,4,491.3543
16,2,530.9625
16,4,497.1162
12,3,673.1286
9,4,406.4256
9,1,330.4018
12,NA,617.4137
16,NA,586.7784
9,2,540.5016
9,2,299.5542
16,4,512.8675
16,3,398.3212
16,3,539.6814
16,4,716.0377
12,4,491.8423
16,4,599.1904
16,3,548.3072
9,4,486.8468
16,3,667.1062
9,2,633.0266
12,4,516.6912
16,4,514.0545
12,3,440.2059
12,3,534.5575
16,1,349.8821
12,4,421.2156
12,1,422.3256
12,4,455.1012
16,4,427.8985
16,2,359.8684
NA,NA,591.388
16,4,380.6822
16,3,422.7692
NA,NA,452.9782
12,1,389.9296
16,4,561.2589
12,NA,577.9893
12,4,477.7687
16,4,744.3301
14.5,3,385.2181
16,6,701.9118
16,4,406.0931
9,3,458.3109
14.5,4,434.4324
9,2,513.9484
16,4,459.1209
14.5,3,531.8537
16,4,493.3098
9,2,467.3373
16,3,498.9671
16,4,291.7632
12,4,487.5315
16,3,492.8986
16,1,476.4948
16,4,650.818
12,4,526.8387
12,4,678.1094
16,4,720.9986
16,4,525.0789
16,NA,325.9417
16,7,480.1081
12,3,528.2108
12,4,321.8633
NA,NA,519.989
12,4,476.7196
16,3,483.0006
14.5,4,687.1265
9,NA,597.514
16,4,650.3856
12,3,563.6011
16,2,323.1395
NA,4,326.533
16,4,605.9922
12,2,517.2104
12,3,485.2142
6,1,400.9491
16,NA,614.6647
12,3,405.9867
16,6,439.3675
16,7,545.376
9,2,460.3732
12,6,474.0155
12,3,391.5792
16,4,521.7295
16,2,526.2126
16,1,591.9331
16,4,401.782
12,2,527.6003
12,4,439.8502
16,4,673.5577
14.5,NA,541.872
16,4,560.0462
16,NA,498.9224
9,3,269.5635
16,3,491.9322
16,4,555.0095
12,3,496.6285
16,3,747.3432
16,6,395.7886
9,4,477.2379
12,4,645.187
16,4,393.3351
16,4,527.5267
16,NA,359.0719
16,6,692.9363
16,NA,705.025
16,1,547.9845
16,2,396.5411
16,3,481.5058
12,4,558.1423
16,3,516.53
12,3,592.972
16,4,319.9977
16,4,394.5783
NA,2,596.296
12,2,497.3602
16,3,316.7451
16,NA,433.3522
12,NA,663.3492
16,4,566.504
9,2,443.4708
16,4,492.8445
NA,NA,511.0601
12,4,436.0588
16,2,450.3161
14.5,4,503.5168
16,2,486.744
12,3,704.6496
16,4,602.0846
16,2,385.2222
16,NA,660.5771
16,3,683.6766
12,2,444.1559
14.5,7,425.4371
NA,NA,568.2987
16,6,753.6451
16,3,547.5239
16,6,525.2734
16,NA,647.2612
12,3,653.9632
16,4,616.9242
12,4,536.8767
NA,NA,457.5346
16,2,378.4242
12,3,560.9755
12,4,373.6951
14.5,2,559.3446
12,3,588.6491
3,1,445.2824
3,4,434.9661
12,4,517.6036
16,3,426.1159
16,NA,517.4519
6,1,267.7813
NA,NA,519.3022
16,2,434.4616
14.5,6,541.9663
16,3,394.4616
12,3,456.0326
12,2,443.1344
16,4,588.5762
16,3,459.8897
16,NA,721.6321
16,2,383.9322
16,4,593.3569
16,6,660.5553
16,2,373.3392
16,2,241.1554
9,3,568.4201
16,4,547.7457
14.5,2,568.2944
14.5,4,660.5043
12,2,564.4733
12,4,411.543
6,2,582.5551
16,7,505.8591
16,4,560.8923
12,4,545.9864
16,3,459.786
16,2,386.3082
6,NA,441.74
14.5,3,563.5159
16,2,362.2787
12,4,445.825
16,3,535.4152
9,2,458.2594
16,3,483.4405
16,6,581.3107
14.5,7,629.7686
12,1,292.59
12,6,576.3888
16,2,431.211
12,6,606.4264
14.5,NA,537.8038
12,2,422.1039
14.5,3,453.5156
16,NA,540.7402
16,3,466.9135
12,3,653.1973
16,2,538.7843
16,3,651.9197
12,2,397.9033
16,1,185.8032
16,4,656.8715
16,3,383.0467
16,1,268.7379
16,7,349.2913
12,3,392.4967
16,4,505.193
14.5,1,409.398
16,4,352.1044
12,4,447.2955
12,2,267.9278
16,NA,345.9532
16,NA,626.2786
12,2,407.841
16,NA,675.1185
14.5,1,483.1898
NA,4,503.1976
16,7,573.749
12,2,453.0108
12,3,540.2758
16,3,412.0773
16,7,518.3745
12,1,527.9469
14.5,4,674.3138
16,4,752.2281
12,3,511.1573
16,2,295.659
NA,NA,416.7433
16,4,603.383
16,3,590.1854
16,1,290.6818
12,2,531.1227
16,4,604.9771
16,2,417.8966
NA,NA,445.0935
16,2,373.5296
12,6,598.0499
12,4,429.2354
16,1,299.3473
6,3,552.9025
14.5,4,490.8117
16,NA,519.9496
14.5,3,537.2888
16,3,484.4534
9,2,525.861
14.5,6,499.1345
NA,NA,471.7326
14.5,4,662.9198
16,2,463.5516
14.5,3,593.693
16,6,531.3167
16,4,609.1329
16,3,597.2434
12,3,638.2887
16,4,454.6237
16,NA,564.6678
12,3,387.7415
16,NA,656.1866
14.5,6,499.7189
16,2,425.4511
12,2,635.2534
3,2,429.3001
16,7,551.0889
12,2,461.2738
16,2,663.3158
12,4,408.3641
12,2,432.0185
12,3,411.2696
16,4,433.3936
16,4,458.7366
16,NA,650.6258
16,1,440.1535
16,4,557.3543
12,3,589.7004
16,6,684.3684
16,3,479.6787
16,2,535.0485
16,NA,363.2355
16,4,462.7731
6,2,369.5347
16,6,605.3945
16,4,544.1152
12,3,613.2789
16,4,347.3743
12,2,413.8924
16,NA,408.6654
16,NA,510.7701
16,2,261.0802
16,7,565.4536
16,4,602.293
16,4,548.0034
16,4,645.6956
16,3,433.8121
9,3,355.5093
12,4,531.7781
16,2,292.158
12,6,575.9492
12,2,548.0226
9,1,325.499
NA,NA,548.8762
12,6,627.1493
12,1,546.308
NA,NA,659.5537
9,3,466.3814
12,4,504.0092
3,2,587.3537
16,4,584.4672
16,1,404.3286
16,2,424.2709
12,3,446.9543
12,1,432.913
NA,NA,691.7212
12,3,546.1856
12,1,332.3531
16,NA,572.8054
16,NA,546.5661
NA,NA,379.7284
16,6,604.0551
12,4,583.6079
16,2,484.0495
NA,NA,612.7308
16,4,462.9433
16,7,646.5383
9,3,518.9054
14.5,4,376.7079
14.5,4,467.2311
12,1,498.1835
12,2,564.493
16,4,500.4983
16,3,505.5357
14.5,1,409.8204
16,3,274.4074
16,4,579.5626
12,3,522.0708
12,4,645.7434
16,NA,587.727
16,6,565.1722
14.5,2,280.8264
12,1,491.7636
12,4,528.8148
14.5,6,589.3511
16,NA,656.2825
14.5,3,582.4767
14.5,4,555.6246
16,NA,582.2724
16,1,259.0598
12,4,549.6528
16,3,506.9146
16,2,460.7866
16,3,298.0504
16,4,375.2711
12,4,481.9273
9,2,468.293
12,3,511.0984
12,7,350.4274
16,4,675.495
14.5,NA,545.664
16,6,645.5635
12,4,464.389
NA,NA,437.1561
16,3,509.114
14.5,4,508.7785
12,2,423.3261
12,2,508.5965
12,4,428.1529
14.5,4,510.7598
12,3,475.918
16,1,322.2302
9,4,414.5783
16,4,597.1134
9,2,305.2803
12,1,226.4125
16,4,484.9334
12,NA,611.4548
NA,NA,519.1208
9,3,402.8269
12,4,484.6
16,4,418.652
NA,NA,469.6049
9,3,476.0129
16,NA,643.5128
NA,NA,543.326
16,4,480.5509
16,NA,563.1584
6,1,491.5029
16,3,373.8717
14.5,2,445.683
9,2,341.2226
12,3,530.3919
12,2,633.3021
16,4,656.8386
12,2,416.972
16,NA,446.5286
12,4,428.3498
16,4,442.1145
16,4,627.7838
16,4,558.6357
16,6,408.5544
12,4,595.2799
16,4,672.1007
14.5,4,411.9453
16,4,289.7884
12,3,497.2607
16,4,562.9442
12,NA,441.6428
16,6,611.6888
16,2,486.8228
16,2,568.4505
16,4,404.5475
16,6,630.1651
6,1,405.8223
12,4,638.9378
16,NA,530.3777
16,NA,536.4669
9,2,313.7807
16,NA,610.9426
12,2,416.9802
16,4,378.3061
12,3,525.664
14.5,4,625.4401
16,3,524.2987
12,NA,553.8484
12,3,538.907
16,1,367.039
12,2,401.2959
16,4,652.8608
9,1,471.1039
12,3,419.7953
16,NA,628.7238
12,3,454.1681
16,3,570.634
16,2,540.1381
14.5,4,495.229
12,3,541.2008
14.5,4,488.355
16,NA,531.6289
16,3,719.1293
12,4,535.9883
12,2,547.1588
16,4,638.2178
12,1,500.7577
16,4,512.6097
9,1,433.5992
9,4,394.8504
12,NA,505.6066
12,3,553.5098
12,6,596.4201
12,2,374.6796
6,4,525.1505
14.5,3,469.7504
12,2,449.4278
16,2,594.2079
16,3,624.876
16,NA,586.6814
14.5,3,373.4779
12,4,467.4685
14.5,2,578.3756
NA,1,288.6892
16,NA,687.9648
14.5,4,744.6389
16,2,485.3559
16,2,483.1301
12,1,459.7907
12,4,536.4865
16,2,448.2439
NA,3,418.2831
12,2,396.7028
12,4,459.5414
16,6,567.9588
16,3,473.5707
12,3,570.0379
14.5,3,543.7593
16,4,396.7199
16,6,625.4585
16,4,398.8106
16,4,520.0316
16,4,575.9889
16,4,304.6151
12,2,420.7486
14.5,2,457.0678
16,NA,560.0893
12,1,390.7351
16,6,556.5388
9,4,551.8729
9,3,474.0533
16,6,553.4996
NA,3,576.6248
16,2,555.7659
16,2,358.5381
NA,NA,406.0747
12,NA,588.9609
16,2,446.3122
16,2,517.8566
12,4,404.0037
14.5,2,456.1049
16,4,354.3052
12,3,488.7743
16,3,360.9057
16,NA,487.8278
16,3,541.168
12,3,527.4674
12,NA,534.2428
12,4,443.3288
16,NA,679.1272
16,7,521.5245
12,6,465.0947
16,3,443.9117
16,NA,489.9091
16,4,398.686
16,4,596.5129
14.5,NA,705.7052
16,6,478.7824
12,4,528.4201
12,6,489.2715
12,1,408.3139
9,4,490.1244
9,2,402.3203
12,NA,547.1316
12,2,456.8226
12,NA,511.2633
16,7,595.0605
12,NA,548.9469
12,NA,637.9802
12,2,436.2287
12,6,466.5894
16,4,506.3839
16,NA,363.922
16,6,644.5137
16,NA,509.7879
16,2,470.853
16,4,577.0212
12,2,355.0829
16,NA,690.5783
12,4,602.8459
NA,2,382.5841
12,2,357.7489
16,4,634.135
NA,NA,438.7689
9,3,391.4506
16,4,385.2112
16,4,558.2266
16,2,371.8053
6,1,424.2388
16,NA,633.2441
16,6,670.9904
16,NA,531.1864
16,1,588.5421
16,NA,604.0757
16,7,541.9232
14.5,3,495.7541
9,3,389.9454
16,2,662.0744
12,NA,519.8156
16,2,379.508
16,6,513.9736
16,4,398.8243
16,3,395.369
16,2,527.5936
16,4,565.6561
16,2,482.4095
16,4,573.3446
12,4,592.2032
12,6,548.7974
16,1,514.2265
16,3,385.2587
9,4,545.7418
16,3,469.7606
12,2,623.3519
3,1,499.5755
9,3,398.9082
16,3,488.6547
16,6,445.0135
16,2,515.0832
16,3,466.0888
16,4,642.2232
16,4,491.7551
16,7,453.8617
16,2,447.6519
12,2,382.6579
16,4,410.4481
16,4,572.4194
12,2,553.0923
16,4,392.6559
12,4,460.1473
6,NA,563.4239
12,NA,362.1186
16,3,600.6434
16,NA,407.083
9,4,362.8892
9,2,467.997
16,4,641.8771
16,NA,661.3968
16,NA,611.7519
16,4,622.9505
12,4,534.9391
16,2,502.3129
16,NA,588.3267
16,4,354.4143
6,1,472.0039
16,6,576.3434
14.5,4,363.1017
16,NA,446.6372
12,2,594.4315
9,2,426.9756
16,1,448.5223
16,NA,443.3035
16,4,519.0528
16,6,354.1651
16,4,460.222
6,4,571.866
16,NA,561.7693
14.5,NA,580.4319
12,4,470.2668
16,4,339.3172
16,NA,446.2827
12,3,459.4292
16,4,674.9214
12,4,557.3746
16,3,298.9405
12,NA,561.3075
12,4,599.8479
16,4,361.6496
12,3,531.4788
16,1,420.6007
12,1,547.0069
12,4,534.2377
12,2,549.4401
16,NA,491.9925
9,2,443.9853
12,1,316.9869
16,2,373.5708
16,6,478.5751
NA,NA,546.868
16,6,551.9868
3,2,403.099
12,2,386.4983
12,4,555.1544
16,2,436.3691
14.5,4,622.6992
14.5,6,478.4258
NA,1,453.0258
14.5,4,621.6146
16,4,605.7861
14.5,4,571.684
16,NA,787.8546
16,6,536.6698
16,4,555.6875
16,3,451.2322
16,7,449.2976
16,4,439.1642
16,1,461.6242
16,2,529.4996
16,NA,707.1887
16,6,511.0947
16,3,467.6956
14.5,2,449.0133
16,4,566.217
16,4,526.9993
16,4,593.6708
12,3,441.5435
6,1,311.0857
9,2,509.2343
16,4,531.8768
16,4,419.3904
14.5,NA,553.8094
12,4,465.6949
16,4,573.7855
12,NA,550.1328
16,6,438.3839
9,3,298.3111
9,2,424.9172
12,3,431.5171
NA,NA,272.0427
12,NA,508.1873
16,NA,406.1892
16,2,485.7841
16,3,483.2643
12,2,406.0978
16,2,412.5531
16,4,630.8079
16,4,737.0834
12,2,335.7568
16,3,684.898
12,2,606.8737
16,2,362.0663
16,4,520.1338
16,NA,671.8856
16,1,382.4821
NA,NA,377.4071
14.5,4,699.8383
14.5,2,468.0097
12,4,593.6887
NA,NA,491.1861
16,4,505.9209
16,1,537.7503
12,3,392.9442
NA,1,418.2589
9,2,510.1643
16,3,516.9978
16,NA,614.3048
16,3,487.5984
16,6,623.7049
NA,1,336.021
16,6,581.9016
16,3,603.3001
NA,NA,638.962
12,4,592.0662
12,3,594.9124
12,2,513.5999
12,NA,369.0071
9,4,489.4897
12,2,542.069
14.5,6,506.3111
9,3,399.9337
12,3,470.2573
16,4,433.1861
14.5,4,680.4774
14.5,4,698.561
12,3,399.956
12,1,567.8688
16,4,601.5871
16,3,603.3069
16,4,712.9974
16,2,364.3722
16,3,451.3412
12,4,670.5782
14.5,2,471.8899
12,3,379.3992
16,NA,472.8447
16,2,315.5192
12,NA,620.7048
16,1,434.8047
16,7,670.586
12,6,550.3883
16,1,296.3262
12,4,340.0657
16,3,437.8875
12,4,492.3757
16,NA,471.0191
12,2,467.8617
9,4,710.4742
16,NA,687.2893
16,NA,501.5244
NA,NA,448.196
12,NA,374.7331
16,2,442.31
12,2,493.3261
NA,NA,596.0861
9,4,563.5037
16,4,622.3552
16,4,564.695
16,2,455.3095
16,3,325.8777
12,3,442.1418
12,4,454.214
16,NA,680.0794
16,3,630.4395
14.5,6,499.5095
9,2,475.0738
16,4,508.8801
16,1,225.0915
16,NA,630.1911
12,3,532.2087
14.5,4,604.0582
12,4,377.2963
3,3,606.5228
16,2,441.5415
16,4,614.4801
12,2,547.1332
16,2,607.9766
16,6,589.0853
16,7,572.892
16,4,527.5827
16,2,540.5234
16,NA,591.9713
16,NA,611.9356
16,7,536.6885
16,NA,575.0979
16,NA,537.644
NA,NA,470.6693
16,4,400.9506
14.5,4,638.386
14.5,NA,570.9028
9,3,464.5823
16,2,363.5187
16,6,582.1861
16,3,355.3855
9,2,358.9547
12,3,647.8376
12,2,418.9702
12,4,377.3766
16,3,504.0445
12,3,487.8847
16,6,616.9506
12,2,319.6387
16,6,684.5244
12,2,483.4321
12,2,368.9049
16,NA,556.3952
16,2,350.5053
16,2,494.5442
12,3,455.1441
12,4,565.1626
12,6,635.2184
16,NA,572.6653
16,1,379.4896
16,3,363.9932
12,3,514.9852
12,4,568.3699
16,NA,675.4127
NA,2,483.3058
16,4,400.6111
16,NA,430.2647
12,4,586.5848
12,7,611.4294
16,6,687.665
12,2,411.5676
16,4,645.3518
16,NA,523.3346
12,6,646.9444
16,7,605.7694
16,6,664.8412
16,7,623.9035
16,3,601.7468
16,3,474.2407
16,4,637.8558
12,4,383.2474
16,4,574.4537
16,3,546.1709
16,3,615.7747
16,2,456.0917
16,3,539.736
14.5,3,524.0516
16,3,415.7457
12,3,566.9548
12,2,537.0465
16,3,444.6531
12,3,449.821
16,4,467.8226
16,7,594.2597
16,1,385.6796
12,3,363.5119
12,3,523.8275
16,4,472.109
12,4,569.7004
16,4,495.6544
16,6,541.2178
12,2,520.3693
16,4,520.6256
6,2,446.9626
12,2,544.0418
16,6,484.9619
16,NA,590.97
3,2,434.0963
12,2,545.2962
12,4,462.9651
14.5,4,400.8253
16,6,546.6531
12,NA,398.6784
9,4,475.551
12,4,467.6549
NA,1,326.6531
16,1,643.1472
12,NA,568.8967
16,6,453.1341
16,6,742.8608
12,4,493.3416
NA,NA,428.9433
12,NA,325.7503
12,2,406.1224
16,4,392.6396
12,NA,646.0565
16,7,587.1865
12,1,331.3106
16,4,540.5525
16,NA,675.7715
12,NA,565.8274
16,NA,373.1567
16,4,591.8943
NA,NA,455.1457
12,1,441.3071
9,3,366.6195
12,1,471.6096
12,NA,471.5265
16,NA,389.1353
16,6,649.953
12,4,609.5534
12,2,587.2405
9,3,410.7378
12,4,501.3901
16,4,557.1464
12,2,301.1281
14.5,4,389.9231
16,2,493.3974
12,1,476.4584
16,4,708.8158
16,4,592.5614
16,NA,505.6431
14.5,2,419.98
16,2,294.1039
16,4,562.3505
12,NA,511.8269
16,2,529.205
16,1,379.3061
16,3,383.6135
16,NA,407.7155
14.5,4,709.7395
16,4,556.6864
12,3,442.4143
16,4,525.0321
6,3,382.515
16,4,582.7319
16,6,582.3005
16,4,330.2278
6,2,341.3672
12,4,470.9005
16,4,467.757
16,3,611.699
12,2,541.3072
16,2,399.6935
14.5,NA,606.0332
9,4,591.5501
12,2,390.2949
12,3,405.5965
16,4,658.0121
16,4,649.3313
16,2,388.7584
16,4,466.2844
16,NA,671.4772
12,2,298.6494
16,3,492.5743
14.5,4,434.7444
12,2,542.0316
NA,NA,451.2585
16,7,287.2051
14.5,2,618.766
12,2,422.7078
9,2,347.4398
9,1,435.3313
16,1,337.7152
16,2,373.7043
12,4,373.18
9,4,579.2538
14.5,1,495.3956
12,4,357.3234
16,6,647.1645
9,1,274.7166
12,2,584.0314
12,NA,494.521
16,1,390.224
16,2,391.5581
16,3,485.6553
NA,NA,457.4134
NA,NA,549.6877
12,3,402.6148
12,NA,468.6575
14.5,3,561.3271
16,4,646.3693
12,4,601.1069
16,2,229.7405
16,3,459.0424
16,3,579.611
16,4,585.1963
12,3,495.4998
12,4,605.3249
9,1,402.965
16,3,608.263
16,4,534.6222
12,4,537.3481
16,NA,677.2989
16,2,382.198
16,6,541.5103
12,3,575.8396
14.5,3,472.5259
16,4,501.4975
16,2,399.274
16,NA,459.4673
12,2,440.0846
12,2,260.4858
12,3,667.1412
16,NA,671.4928
16,3,385.7237
16,1,575.5474
12,3,505.3599
12,6,447.7903
16,4,523.8678
16,NA,589.9969
16,6,661.551
16,3,499.4674
12,3,560.8807
16,7,575.1039
16,NA,468.5471
16,4,489.2114
14.5,3,463.8968
12,2,725.7732
12,2,436.0391
16,4,500.8695
9,2,395.7774
16,2,333.8448
NA,NA,537.2393
12,1,262.2481
16,4,722.6014
16,4,581.8467
12,2,370.409
16,3,619.3527
16,3,633.9115
12,2,382.9787
16,NA,603.416
12,NA,580.2243
16,NA,472.2978
16,2,445.0585
16,3,563.8915
16,3,587.7539
12,NA,681.011
16,4,618.2709
9,4,465.3054
16,2,577.3044
16,1,329.6725
12,3,477.0936
12,4,474.1365
12,3,511.5707
12,2,305.5619
9,NA,427.1918
16,3,348.8522
NA,NA,516.6008
16,7,645.3491
NA,4,107.962
14.5,3,426.9054
16,2,478.9727
12,4,460.5938
16,6,700.7257
14.5,3,458.7359
12,NA,347.079
12,2,439.5013
9,2,327.219
16,4,562.711
12,2,472.4534
9,3,476.445
16,4,536.95
12,6,554.135
14.5,NA,421.8599
14.5,NA,531.2176
16,NA,731.7744
16,1,347.0842
12,3,496.5605
NA,NA,610.0965
16,4,584.8481
12,NA,597.0945
12,1,325.5828
16,4,446.5636
16,2,555.3111
16,6,658.2311
16,4,467.1383
16,2,376.8498
9,1,281.3174
16,3,446.075
16,3,426.0329
16,NA,619.8166
16,3,688.2574
16,1,344.4464
12,4,424.1572
12,4,396.36
16,6,701.9418
16,NA,598.5539
12,4,583.8162
14.5,6,507.5462
16,NA,681.3639
16,3,632.8463
3,3,543.063
16,4,500.0916
12,3,531.1829
16,4,465.2948
16,NA,418.244
16,3,507.2643
14.5,1,443.631
6,3,583.0834
16,NA,549.8948
16,6,638.7859
12,NA,541.8237
12,2,520.2591
12,NA,467.2303
14.5,3,534.9476
16,NA,593.1306
12,4,428.5009
16,NA,507.7733
16,3,474.5306
12,2,529.8272
16,1,475.375
12,4,476.3004
16,2,512.6324
9,3,479.4736
16,6,607.5586
16,4,386.2667
16,3,489.4857
16,3,363.0682
12,2,437.8681
16,6,710.4888
16,4,550.7156
16,2,583.9977
12,NA,436.1955
16,3,558.5361
16,4,576.6367
9,3,455.0517
16,4,670.6415
NA,NA,562.6702
12,4,472.4064
9,2,479.1076
16,6,507.1476
6,2,519.7373
NA,3,596.5681
16,4,654.634
16,2,470.1438
14.5,2,558.3088
9,2,486.3832
12,2,459.7441
12,4,509.7982
12,4,555.9446
12,4,249.9253
14.5,6,667.4479
14.5,3,564.1603
16,NA,615.9425
6,1,442.738
16,NA,465.7349
9,NA,534.6093
12,4,503.4727
16,4,532.8211
16,7,633.3517
12,2,422.4866
16,4,433.5592
6,3,491.9808
6,3,464.0971
12,3,490.4833
12,2,407.1961
16,6,607.3201
16,2,401.1031
6,3,561.4277
16,NA,584.2401
12,2,449.7002
6,NA,347.5395
16,2,477.5561
12,4,570.7804
16,4,416.8231
9,1,413.7731
14.5,NA,538.1559
16,2,349.7943
16,NA,591.8493
12,2,460.2872
12,6,559.2192
16,2,341.6892
NA,3,488.8457
16,4,528.0676
16,4,641.0281
16,2,547.3603
NA,NA,332.4487
12,NA,529.9425
16,3,289.0138
16,4,690.1755
16,NA,485.5556
16,4,625.3782
16,4,716.378
12,3,484.5898
12,7,402.5075
NA,NA,498.2329
16,2,243.8433
16,4,469.2012
16,3,539.2605
16,NA,511.5995
3,2,537.6248
16,4,585.3609
16,4,521.0378
16,3,590.2422
9,2,432.2029
16,4,433.7626
16,2,316.7929
16,NA,582.0783
12,4,514.9238
12,1,454.0006
16,NA,488.8439
16,NA,673.4859
16,4,372.5052
16,2,374.82
12,6,607.1516
16,3,470.3209
14.5,4,576.2286
16,2,655.3763
16,2,454.8928
16,3,468.9729
14.5,4,398.1483
16,3,491.6713
12,2,642.5504
12,2,506.4336
16,4,568.4804
12,3,505.0986
16,1,391.041
12,4,531.3431
16,4,453.2411
16,3,308.0029
9,4,607.2882
16,4,433.3602
16,3,563.8479
16,3,638.5076
16,NA,672.5853
14.5,6,567.8693
16,NA,476.0804
12,3,297.6403
16,3,361.7352
NA,NA,493.7664
16,4,423.1266
12,NA,574.0796
12,4,646.5771
16,NA,452.1327
16,4,496.2227
12,2,370.4521
14.5,4,655.2549
16,4,489.8742
16,2,658.8329
12,4,431.4968
3,2,435.4053
16,3,394.6986
14.5,3,584.7086
6,4,278.9101
9,4,496.4006
16,1,265.736
16,2,322.5732
12,4,395.1869
12,3,428.3469
16,NA,681.8569
14.5,3,298.5144
16,4,595.6077
16,4,507.2789
9,2,374.0009
16,3,482.1991
6,2,514.7916
12,2,625.0056
NA,NA,445.0693
12,4,613.1743
16,4,496.6169
16,3,462.4777
16,NA,610.1633
12,4,519.4107
12,6,516.6815
16,4,482.9678
14.5,3,477.4994
16,NA,547.352
12,2,444.325
12,1,391.5875
12,3,391.7127
9,3,391.9348
16,2,461.3612
12,2,417.4772
14.5,6,462.3615
12,4,389.2683
16,4,570.0614
16,4,442.9116
16,4,403.028
12,2,651.3752
12,2,361.7082
16,4,642.8354
16,3,541.6849
NA,NA,497.0373
NA,NA,510.7762
16,NA,564.9187
12,2,538.1153
12,3,398.624
16,NA,643.9728
12,4,378.9013
12,4,572.1558
16,6,507.8632
12,3,569.7107
16,4,469.7368
16,4,499.9205
16,6,596.4811
12,2,331.2981
16,3,590.6732
NA,NA,627.594
16,1,338.0594
14.5,3,504.4186
16,1,359.9641
6,2,473.9073
16,NA,520.0736
12,4,510.1808
16,7,526.9262
16,4,479.4967
12,2,344.9008
16,NA,632.5217
14.5,4,447.4075
16,NA,563.561
16,4,556.2048
16,6,675.811
16,4,547.7741
16,7,580.2092
12,6,521.4725
3,2,538.5801
16,4,566.7954
12,2,404.0762
16,3,607.0291
12,1,468.1378
NA,NA,455.3408
12,3,574.8202
16,6,709.3217
16,2,538.3353
16,3,461.1078
12,2,455.9107
3,2,424.1849
12,1,317.9576
16,3,274.7653
16,3,495.1533
16,6,691.5405
12,4,531.2462
16,NA,493.2538
14.5,4,566.6355
16,4,713.3776
14.5,4,410.0743
16,6,704.4145
12,1,446.4195
16,3,517.104
16,6,595.4645
16,2,395.7445
12,4,507.2222
16,2,475.6235
16,2,454.9841
12,2,454.8606
12,4,291.5
16,2,446.9799
12,NA,423.7282
9,2,297.9395
16,3,512.6193
12,2,521.3969
16,4,657.6239
16,2,584.7817
12,2,351.7584
16,4,523.322
12,3,492.4317
12,3,631.3193
9,3,445.1617
12,4,258.8151
16,3,664.571
16,6,587.3589
16,NA,540.8071
16,NA,649.4573
12,NA,358.3679
16,6,646.6515
6,2,352.6654
16,4,698.9185
16,4,540.0908
12,4,586.6245
16,3,522.1317
16,2,375.0265
14.5,3,374.1201
16,4,584.0614
16,NA,609.3568
16,2,365.748
16,1,363.3171
16,7,674.7243
3,2,365.59
16,6,543.196
14.5,4,518.8057
16,2,263.1557
16,4,471.5974
16,3,615.7069
16,2,591.3847
16,4,598.9911
16,4,530.9598
12,1,329.0066
16,4,398.9893
16,4,628.5064
16,3,534.4341
9,3,489.8277
16,3,344.4384
16,4,478.6838
16,4,580.3627
16,2,481.8404
16,6,750.0561
NA,NA,544.4995
16,7,693.8611
16,4,627.5107
9,3,504.2134
14.5,4,545.8874
16,3,503.8182
16,4,350.5252
16,4,630.2978
12,4,511.1077
16,2,422.821
16,NA,607.1508
16,6,470.11
12,1,418.6562
NA,NA,487.4809
16,2,494.1671
16,3,430.5738
16,4,491.7075
12,2,320.1414
14.5,NA,578.3937
16,4,535.1578
12,4,634.7406
12,NA,648.5746
16,6,333.7866
16,3,471.019
12,3,601.4258
NA,NA,439.2066
16,NA,720.5925
16,4,560.0083
16,3,416.0654
16,3,334.9312
16,6,488.4313
12,3,470.1778
14.5,4,558.5304
16,2,401.5233
12,2,511.9497
16,2,462.3354
16,1,479.4017
12,1,409.5877
16,4,639.3516
12,3,436.9584
12,4,583.7269
12,1,564.2654
16,NA,727.0662
16,3,551.7247
16,4,562.926
16,6,662.8105
16,4,510.8044
12,3,419.9102
16,3,331.9354
12,3,650.8768
14.5,2,482.552
16,2,587.4124
3,4,490.2487
16,6,572.825
6,2,422.38
16,3,413.743
NA,NA,630.6649
16,3,492.4899
NA,NA,550.5873
16,2,343.9838
NA,NA,637.7298
12,3,370.42
12,3,433.058
16,7,611.8502
16,4,307.0519
16,2,423.9127
16,NA,254.764
12,4,586.8883
12,1,434.4115
16,NA,557.1084
9,2,328.6645
12,2,367.8773
16,4,479.2117
12,3,446.8909
16,6,414.1099
16,NA,518.9188
16,6,630.8406
12,2,566.813
12,4,639.9164
NA,NA,534.6729
16,3,559.4519
3,3,558.0186
16,3,694.4119
16,2,450.7928
16,4,602.0965
16,NA,503.2112
14.5,2,366.0331
14.5,2,569.6858
12,6,450.7496
16,1,318.7712
16,4,597.5048
16,2,268.02
6,3,523.0701
16,NA,665.8235
12,4,376.866
16,4,638.3581
12,3,439.5438
16,3,523.7062
16,4,447.076
12,2,231.2978
12,2,483.192
12,4,439.6533
16,3,586.3188
16,3,501.6718
16,NA,405.9955
12,2,426.4822
12,1,308.2937
16,4,508.1168
16,1,339.9978
16,NA,565.3776
16,NA,422.7384
12,3,577.2634
16,6,713.0878
9,2,375.1711
12,2,261.0323
16,NA,500.955
16,6,698.9277
NA,NA,656.784
16,3,346.9071
NA,NA,508.9366
12,4,522.7873
16,2,588.8596
12,3,465.2241
16,2,482.9699
16,6,503.4341
9,3,621.3927
16,2,497.6185
9,NA,503.1525
16,6,512.6453
12,4,651.4074
16,2,463.9312
NA,NA,535.4627
12,4,719.8146
12,1,562.5379
16,1,371.2411
12,3,484.0505
12,3,602.0033
12,4,453.3981
16,4,630.411
NA,NA,586.6208
12,4,463.1136
16,4,465.3419
6,3,411.5574
9,2,568.8443
12,2,505.9554
16,NA,619.0465
16,4,636.9845
NA,NA,482.4378
12,3,541.4917
12,4,568.6938
12,NA,592.0309
16,2,543.747
12,2,361.9518
16,NA,633.275
16,4,483.7327
16,2,497.0129
12,1,362.7504
12,3,469.5242
12,3,579.1784
16,2,447.8094
9,2,302.194
12,4,460.0215
14.5,4,498.0924
3,2,467.5055
16,4,576.7303
16,1,281.0311
16,4,420.4187
16,4,427.7553
16,4,503.8039
16,4,537.9608
16,NA,594.4752
9,1,428.755
12,4,616.4094
NA,NA,503.6707
16,4,305.2727
12,4,667.0447
16,4,465.1216
12,2,415.8228
9,2,475.4145
NA,NA,453.2567
6,2,523.9892
14.5,1,344.8121
16,4,684.3436
16,6,675.1087
12,3,493.7984
12,4,633.6734
16,3,631.0554
NA,NA,517.3859
16,4,406.2427
16,3,511.7677
16,3,448.0094
16,3,536.4809
16,4,382.8614
9,4,450.3901
16,4,457.3947
16,1,570.6351
12,1,442.3133
12,2,323.4036
12,3,515.0886
NA,NA,499.8482
12,NA,727.5991
16,3,577.0118
16,7,551.1265
12,6,675.6593
16,2,437.982
3,2,359.5456
9,2,335.8593
9,4,400.5994
14.5,4,609.9297
16,3,491.4191
9,3,475.6016
14.5,2,465.251
12,4,537.2618
12,4,429.267
16,1,409.7779
16,2,404.6919
16,4,364.6307
16,4,629.9994
16,3,546.8258
9,1,402.5584
16,1,450.4218
16,4,710.9476
16,NA,308.4082
6,2,432.3738
12,1,422.773
16,2,439.1993
12,2,431.7931
12,3,384.9202
16,4,721.1797
16,6,320.6411
12,2,606.0511
14.5,4,538.2222
16,2,465.6736
16,3,408.4152
16,3,577.0571
16,2,411.6131
16,4,462.2007
14.5,1,476.3651
16,NA,549.2674
16,7,697.3843
16,2,338.3152
16,3,459.9926
16,6,758.6025
16,4,533.1966
16,NA,522.8355
16,3,504.8905
9,2,428.2756
16,3,637.6536
12,3,594.7306
12,2,471.2514
12,1,325.3647
16,2,351.5172
16,2,353.6097
9,2,334.8255
16,4,574.5557
12,2,489.0665
12,4,496.0716
16,4,503.2259
NA,NA,607.0219
12,4,361.5025
16,4,534.0823
12,2,419.9495
12,1,548.0214
12,2,338.7995
16,4,522.4237
12,NA,582.0192
NA,NA,389.656
16,3,519.7116
12,3,409.3139
12,2,538.6632
16,6,511.6096
16,4,616.5376
12,4,666.0302
16,2,388.0735
16,2,470.2769
12,3,407.4881
16,3,280.4927
16,2,476.9961
6,3,443.7964
16,NA,609.6356
12,3,615.3956
12,1,538.9466
12,4,642.7593
16,2,503.7992
12,4,474.2473
NA,NA,381.8635
12,4,529.4722
9,1,306.7352
16,1,369.7835
14.5,3,395.06
12,4,566.4659
16,NA,530.7443
16,6,747.4564
12,3,606.1435
9,3,398.7349
16,NA,541.5672
16,4,584.0339
16,NA,535.9483
16,4,545.4929
16,3,502.1487
16,NA,633.8001
14.5,3,398.8296
12,3,371.8324
16,NA,524.8269
12,6,438.1889
12,NA,446.4591
16,1,366.2841
12,1,508.2468
16,4,665.5806
16,2,372.452
16,4,577.4051
16,2,477.2917
16,3,519.6615
16,3,239.1221
16,6,332.3121
16,3,558.9268
16,4,619.2534
16,3,334.0658
12,2,549.5842
12,4,590.4293
14.5,2,411.692
16,4,562.1796
16,6,546.164
16,NA,577.1018
16,4,655.0397
3,2,418.054
16,4,613.1428
12,2,506.1665
6,1,407.2462
16,3,530.6663
12,3,653.4075
9,3,317.5964
12,2,438.3807
16,NA,526.2807
16,6,652.7411
16,4,456.9462
16,2,389.3813
12,1,347.0404
12,3,514.0392
9,2,334.9254
16,4,452.7182
16,NA,483.1767
16,NA,434.2664
16,3,478.1363
16,6,704.7243
NA,NA,410.232
16,3,627.9956
16,6,639.6734
16,4,453.0469
16,NA,390.5263
6,1,329.432
16,3,441.2773
NA,NA,531.3825
12,4,459.551
12,2,418.8968
12,2,422.1953
16,3,555.3793
16,4,547.6845
12,4,527.927
16,4,516.9821
16,1,401.3066
9,1,341.8245
16,4,598.9799
16,4,472.7237
9,2,463.8148
16,2,665.01
12,4,355.7946
16,4,629.1462
16,7,663.9614
12,3,460.1356
16,NA,569.4559
16,4,660.2583
12,2,465.7285
12,1,400.4829
16,7,659.154
16,NA,571.5039
16,4,369.9187
16,4,587.2686
16,4,770.5036
16,4,318.8503
12,1,484.8697
16,4,421.4547
16,4,413.1628
16,NA,651.3734
12,4,491.2435
NA,4,538.4837
16,4,584.8386
12,2,569.7163
16,4,441.5487
12,2,554.0941
9,4,604.3088
14.5,3,446.4512
9,3,462.3356
16,3,567.9974
16,4,656.7914
12,4,456.8516
12,3,519.4004
12,6,484.7845
12,1,476.4736
16,3,538.0108
16,2,345.7747
16,4,356.5531
16,1,440.0097
16,3,508.5778
16,4,496.692
16,7,683.628
12,3,501.2384
16,4,591.6895
16,3,469.7494
16,4,616.9756
16,4,606.6623
16,4,671.8455
14.5,2,378.8368
16,1,430.4606
12,6,642.4687
16,4,410.6343
9,3,521.7115
14.5,3,460.937
12,3,524.1283
16,3,439.3069
16,6,663.7677
9,2,479.7233
12,3,399.6622
12,4,603.8116
9,2,454.9136
16,NA,475.1724
16,2,541.4572
16,2,452.5038
12,2,502.6416
12,2,476.5649
9,2,472.5768
16,2,223.1168
16,4,383.1851
16,7,642.3268
12,3,387.2337
16,6,587.9429
16,3,408.2004
16,7,701.6844
16,NA,657.556
16,NA,546.4758
16,4,610.6503
16,1,342.4912
16,4,365.7877
12,2,539.8129
12,2,467.8083
16,3,549.2292
12,2,374.7034
12,2,447.7109
6,2,316.5715
12,1,488.4666
12,3,438.6279
NA,NA,490.2469
NA,NA,394.5309
16,2,410.2321
16,NA,683.2289
16,4,613.4663
16,NA,586.6821
NA,NA,532.4177
12,3,582.0464
16,4,619.9598
NA,NA,505.7023
9,3,591.7284
16,3,593.2622
16,4,594.5422
14.5,2,431.106
12,6,545.3236
16,1,324.7929
16,3,530.2348
12,4,539.7726
16,6,589.3948
12,3,261.3643
16,7,584.3666
16,6,548.8377
9,4,434.742
14.5,NA,523.8773
6,4,530.9462
12,6,617.7016
16,NA,568.2239
16,2,289.0769
16,1,419.0783
12,4,447.7805
16,NA,618.274
16,6,548.2614
16,4,570.2377
16,3,483.0621
16,4,709.5113
12,4,599.1692
16,7,631.7728
16,NA,491.5949
16,4,655.0227
16,4,660.2345
16,6,674.1453
NA,NA,418.7026
12,4,513.5622
12,3,541.0478
9,2,364.4993
14.5,2,443.3583
16,2,540.5041
9,2,430.0893
16,4,496.6416
12,4,656.4422
16,6,465.7479
16,3,732.7985
12,2,421.0082
16,4,358.1582
16,3,442.0247
16,4,581.5202
16,6,636.8249
12,4,435.6787
16,4,709.1455
14.5,4,569.2329
16,4,446.5108
16,4,382.4314
3,1,435.3412
14.5,4,598.2311
16,1,476.4416
NA,NA,520.7502
16,3,629.1894
16,2,387.3367
16,4,492.1806
12,NA,669.5636
9,2,383.5824
14.5,4,528.6634
16,2,439.8097
12,3,596.2175
12,2,372.3128
16,4,649.9852
12,4,604.7271
NA,NA,455.9224
16,3,300.9542
16,6,559.719
16,2,341.7849
12,2,624.9446
9,3,524.8636
16,NA,609.0335
16,4,410.5893
14.5,4,609.2857
NA,NA,387.65
16,1,617.7872
16,4,571.346
9,3,548.1373
9,NA,526.1205
12,3,605.9051
14.5,3,591.3418
12,2,428.0586
16,7,730.0571
NA,NA,475.1056
16,4,608.275
16,6,582.8673
12,3,430.0209
16,7,708.0081
16,2,310.5461
16,NA,625.6531
12,4,626.789
12,3,498.0851
16,3,424.0788
16,6,523.0187
16,6,494.1716
14.5,2,519.0956
NA,NA,451.1338
9,3,524.3098
14.5,2,624.9094
3,2,358.9278
16,6,698.2878
16,4,543.945
14.5,2,370.9061
12,3,503.3219
6,2,367.6367
12,4,672.8459
12,2,493.7354
16,4,627.2892
12,2,571.4921
16,4,658.6405
16,2,462.3698
16,3,425.0253
14.5,2,474.9728
16,4,669.001
16,4,444.7522
16,3,672.0565
14.5,NA,438.1727
NA,NA,456.0219
16,6,754.1375
12,4,526.165
12,NA,560.6378
14.5,2,410.7083
16,7,742.3815
16,6,322.7625
16,NA,429.5835
16,NA,321.4078
16,NA,622.5238
NA,NA,483.7133
NA,NA,508.7704
12,4,314.9408
16,3,514.1105
16,4,550.9974
16,6,699.0986
16,4,557.1355
16,7,697.0632
16,NA,399.2614
16,NA,562.2593
16,4,546.5697
12,3,387.4208
16,2,489.8167
6,2,541.2101
16,4,407.1761
12,2,357.5395
NA,NA,597.6633
16,NA,568.2755
12,2,569.7502
16,NA,662.2712
14.5,4,571.0634
12,1,621.7283
16,NA,569.2859
12,3,586.8223
12,NA,487.8125
14.5,7,432.8077
12,1,417.7574
12,4,543.4982
16,3,505.5621
14.5,2,361.5488
16,NA,475.909
16,4,617.9237
16,NA,592.27
14.5,4,552.9
6,4,607.1168
12,4,586.9434
NA,NA,623.2406
12,2,459.7394
12,NA,368.457
9,2,437.971
12,3,439.3209
16,4,697.8827
9,3,519.3752
16,3,480.7605
12,2,460.0671
9,1,378.6844
12,3,292.6004
16,4,567.6144
12,4,613.7601
16,NA,468.0491
16,6,599.3174
16,NA,429.7927
12,NA,666.443
16,6,656.4249
16,2,579.9603
16,4,321.6567
9,3,339.4665
12,2,545.064
12,2,554.7309
16,NA,446.8152
12,4,514.2334
16,2,512.9102
16,4,475.2722
12,NA,403.5206
16,2,424.0085
16,4,488.2671
12,4,600.8998
16,6,549.3545
16,4,700.2143
12,3,305.0577
12,4,519.86
14.5,NA,573.7886
16,2,233.9789
16,4,598.0303
12,2,298.9854
16,1,315.559
12,NA,514.4296
14.5,6,560.4506
16,3,575.4964
16,7,509.4764
16,2,544.8659
16,2,361.523
16,4,391.8172
12,4,409.3267
12,2,459.1119
12,4,492.4551
12,4,594.2015
16,3,488.4006
16,6,608.7398
9,4,479.4949
16,4,459.1921
16,6,546.6198
16,NA,580.0573
16,6,642.4911
14.5,4,585.9107
14.5,3,419.7549
16,4,257.9165
16,2,471.8104
16,2,491.88
12,2,389.1008
16,6,538.8212
16,4,576.5391
12,2,385.7819
12,4,456.4218
16,3,682.2153
12,7,547.0935
16,3,496.4098
14.5,3,638.4385
12,2,417.779
6,2,378.4366
12,4,531.2246
16,6,575.8486
16,3,531.6608
12,3,438.0963
16,1,288.8571
16,2,394.8355
16,1,436.6452
16,3,406.3284
NA,NA,527.1013
12,2,457.2908
16,4,644.9107
16,2,553.9102
14.5,4,510.4817
12,4,492.5748
16,6,627.513
16,4,293.0374
16,6,588.7061
16,NA,577.1404
9,2,368.0827
12,4,496.4989
16,7,529.1479
16,2,500.6431
12,2,344.0521
12,3,295.2696
16,6,603.6091
NA,NA,638.797
12,3,424.4085
16,3,512.3267
12,1,409.6592
16,1,237.965
16,NA,543.5916
12,2,375.1632
16,NA,729.9263
12,3,583.0519
16,1,378.9669
16,4,514.5836
16,3,684.4457
16,NA,376.7337
16,NA,497.8003
16,4,580.7516
12,3,341.5962
16,7,460.4118
12,4,657.9653
12,NA,566.1699
12,2,373.4581
16,4,615.1638
12,3,534.907
NA,NA,592.6491
NA,1,348.2214
9,1,532.6064
12,1,600.464
14.5,4,555.1936
16,NA,651.4112
16,4,497.9961
16,6,557.1075
14.5,2,479.278
16,4,588.8522
12,1,401.3926
16,4,344.3888
12,3,339.8704
12,3,568.3108
12,3,532.7618
16,4,614.0315
12,3,730.9485
16,4,552.7574
16,7,644.6277
14.5,3,530.1857
14.5,4,663.9827
16,1,437.4147
16,2,398.5323
16,7,605.7538
12,3,483.8687
12,2,415.5903
12,1,344.0702
12,4,580.2117
NA,NA,450.2148
16,NA,399.5408
9,1,567.4649
12,3,467.6393
16,2,506.8198
14.5,NA,373.1373
16,4,405.7741
16,NA,635.302
16,3,433.0838
9,1,396.0226
16,6,559.8092
9,1,314.8494
12,4,474.0636
16,4,475.8248
12,3,563.1738
12,4,642.6156
16,1,361.3345
12,3,364.5809
16,3,655.5662
16,7,585.6684
16,3,594.9398
12,NA,660.4052
16,2,617.826
14.5,3,546.6411
14.5,4,515.6517
NA,NA,416.0234
12,4,527.6832
16,4,459.6908
16,7,578.7288
16,6,713.264
9,3,590.7555
16,4,445.8934
16,3,562.4944
16,2,324.3191
16,6,539.7295
16,4,451.857
16,2,244.5874
16,4,668.1346
16,3,474.194
16,7,606.3282
16,6,600.7419
12,3,336.1329
16,4,530.286
12,4,513.9117
16,3,456.8826
12,2,529.8545
16,6,720.4751
6,2,285.5096
12,3,482.5827
16,4,512.0554
16,6,635.2635
16,1,562.8152
12,3,604.6272
16,1,335.9554
12,3,564.1846
12,1,309.1949
14.5,NA,544.715
16,6,470.2796
16,1,365.5576
16,7,502.9303
16,3,411.2234
16,3,441.9532
16,4,670.9846
12,3,418.7107
16,6,445.7892
16,3,474.5358
16,NA,512.2054
16,4,571.8023
12,4,463.7643
16,7,671.6081
12,3,425.0755
16,3,277.4258
12,4,527.4069
16,3,462.8394
9,2,427.5913
12,2,519.2352
3,4,689.976
16,1,476.8433
16,2,398.1018
16,3,407.6038
16,2,561.3708
9,3,503.9454
16,4,546.5613
16,4,690.9341
12,2,544.8405
14.5,2,527.7356
NA,NA,477.8035
16,7,577.0694
16,3,665.5548
16,4,477.7871
16,1,419.8932
12,2,520.6524
16,2,416.5135
NA,NA,428.2297
12,2,395.038
NA,NA,605.3255
12,4,504.4125
14.5,3,589.0717
14.5,2,345.3532
16,3,568.6786
16,4,534.0895
14.5,4,679.6045
16,4,479.2086
NA,NA,569.8141
16,3,587.2208
16,3,467.5251
16,3,441.3784
16,4,549.7795
16,4,473.4237
16,4,497.4479
12,4,391.3136
16,NA,489.3532
16,4,439.8531
12,4,637.1679
16,2,406.8983
12,4,415.7145
12,1,345.9271
16,2,644.9845
12,2,381.5245
NA,NA,328.2798
16,1,519.2041
16,4,569.6451
16,3,549.274
16,4,535.5413
16,6,493.045
NA,4,586.8489
16,2,517.6187
NA,3,405.9495
12,1,335.6838
12,4,410.133
16,6,752.9532
12,2,498.7313
12,4,394.6351
NA,NA,520.7863
12,4,515.4088
16,NA,664.0704
16,4,488.957
12,4,431.3669
16,3,404.8815
16,7,322.1203
12,3,542.9398
16,2,525.4168
16,1,433.5556
16,4,615.5862
12,4,515.8918
9,2,398.6087
16,4,548.6559
16,NA,340.3662
12,2,351.9858
12,1,390.3699
12,2,483.012
16,4,562.6629
16,4,485.6477
9,3,543.7312
16,6,482.1945
16,NA,607.2495
14.5,2,371.9133
12,1,420.5083
16,2,591.7379
12,4,592.3779
12,4,365.8081
16,4,471.927
16,7,643.0998
9,NA,535.6724
16,6,536.1645
16,2,539.235
9,2,476.1604
9,2,572.6235
14.5,1,276.2486
16,2,605.6588
16,1,583.0683
NA,NA,369.3249
NA,NA,681.7969
12,3,520.5125
16,NA,603.3612
16,2,248.074
12,2,453.5757
12,4,508.7468
16,3,458.8658
16,3,321.9289
9,4,442.9974
16,7,712.5567
16,6,650.8029
16,7,607.2055
NA,NA,562.2598
12,1,525.8222
12,2,448.141
16,3,459.0301
NA,NA,310.7883
12,2,471.0653
16,4,505.2085
16,6,459.8864
16,NA,468.8373
NA,3,387.6222
16,1,630.3437
NA,NA,394.658
12,4,645.8419
16,3,598.0252
NA,NA,569.5264
12,3,603.3404
16,4,481.3245
12,1,478.1766
12,3,569.5009
12,2,405.6364
NA,NA,554.3621
NA,NA,460.1999
12,2,419.0921
12,4,557.5801
16,3,443.6084
12,1,265.2946
16,3,448.9666
16,7,551.6448
6,3,554.5704
16,6,473.7344
14.5,1,496.432
16,NA,546.7611
16,2,480.3106
16,3,431.2091
16,NA,665.7357
16,4,417.9858
16,1,419.3354
14.5,NA,668.9103
NA,NA,515.0335
16,4,395.2033
6,3,581.4929
6,3,383.163
12,3,484.0871
16,4,697.5138
16,2,486.6389
16,4,517.2323
12,1,381.2914
16,2,599.4111
16,3,396.1787
NA,NA,529.3418
14.5,4,543.7752
16,NA,514.8291
16,2,581.3038
16,NA,623.3942
12,4,379.238
16,3,287.7811
NA,NA,522.6804
12,2,495.4458
16,4,608.917
14.5,NA,440.0792
12,4,406.9706
16,2,278.0794
12,4,505.2977
NA,NA,479.7331
12,4,507.4327
16,NA,652.3747
16,NA,642.9113
16,7,251.657
16,4,559.8245
12,4,685.6011
16,2,559.0228
16,4,555.6017
16,NA,677.2384
NA,NA,625.7565
12,4,548.2115
14.5,4,486.8132
12,3,539.7757
12,2,503.9555
16,4,715.0612
14.5,3,555.3785
12,2,487.1549
16,4,619.2439
12,4,550.4411
16,NA,465.6806
16,2,342.8089
16,4,488.6594
16,3,295.2657
12,3,639.6023
16,4,469.7839
12,3,552.125
16,4,562.3479
16,4,582.787
16,2,229.0563
16,NA,541.1095
12,3,437.8889
16,6,328.887
16,4,405.4026
14.5,3,450.6763
16,3,493.5426
16,NA,512.4421
12,4,448.044
16,4,412.3781
16,4,404.5012
16,4,615.6044
16,6,438.2654
12,3,290.5677
12,3,379.3612
12,3,582.0772
16,7,314.5447
16,4,477.4661
16,4,392.8388
9,2,667.2308
16,NA,288.7584
12,3,353.7855
16,3,398.639
16,4,448.9101
12,2,547.5041
12,2,531.5546
16,1,420.5004
14.5,2,371.4935
16,NA,675.5651
NA,NA,415.2843
16,NA,265.6941
NA,NA,570.4975
16,6,539.3775
16,7,534.189
14.5,NA,375.739
14.5,2,601.5121
16,4,578.5928
16,3,374.0081
9,3,540.4846
12,1,415.7291
NA,NA,520.9846
12,3,654.7461
12,4,542.847
9,2,312.0088
12,3,542.6119
9,3,477.8276
12,1,430.2803
12,7,574.8115
12,2,418.5136
12,6,603.1975
12,4,411.5193
16,4,363.19
16,NA,601.6788
16,2,299.2095
NA,NA,511.058
14.5,3,595.1449
16,NA,616.007
16,3,529.4276
16,NA,622.9067
16,4,590.8965
16,3,607.2537
12,3,536.2262
16,4,559.0553
12,1,367.4958
12,2,538.1434
16,4,574.924
16,4,466.5337
16,3,469.9866
16,3,585.4758
12,1,460.7741
12,2,415.3929
16,1,411.7792
16,4,414.5046
16,4,489.0998
16,4,634.2209
16,2,464.2372
NA,NA,359.4457
16,6,569.9967
12,6,630.8558
12,4,589.0851
16,NA,535.2522
16,4,444.0823
16,3,335.2355
16,3,491.3532
12,NA,442.2073
16,NA,548.1121
16,3,544.1931
16,4,629.9527
3,1,414.7101
14.5,2,425.8886
16,NA,526.0549
16,2,361.6797
9,NA,669.7914
9,NA,532.7385
12,3,524.0612
3,1,456.4591
14.5,3,547.6034
12,1,386.7713
16,1,447.4812
14.5,4,382.9738
16,2,536.9486
12,2,627.4992
14.5,4,535.4982
9,1,311.0247
16,3,401.3821
12,3,564.835
NA,2,332.2014
16,2,405.9232
12,2,538.525
16,6,311.4008
16,NA,504.3017
12,3,600.4163
16,1,293.1016
16,NA,504.7009
16,1,669.4266
16,1,456.6818
9,1,368.4186
12,3,449.2175
12,3,266.2461
12,2,547.9237
16,NA,548.9796
12,3,285.1446
16,6,723.6454
16,6,518.8591
16,6,490.0463
16,6,706.0682
16,2,523.214
12,4,396.0806
6,4,489.2373
16,3,509.4777
12,2,443.7799
16,6,610.7316
16,6,587.1357
16,3,549.0702
12,3,594.4864
6,2,330.4845
14.5,4,448.6537
12,4,479.5032
12,1,406.338
14.5,3,476.3276
16,6,207.1767
12,3,516.0795
16,2,308.6285
6,4,625.392
16,NA,421.428
6,2,539.9923
14.5,3,518.7402
16,3,676.8587
12,2,386.6195
16,4,606.0005
16,3,615.491
14.5,3,458.4996
12,4,418.5501
NA,NA,376.9652
16,7,696.7142
12,NA,669.0385
16,4,658.9395
16,3,392.2259
16,2,454.5482
9,3,491.4743
14.5,4,395.1926
16,3,578.3303
12,2,548.6466
16,1,456.933
16,1,275.2965
16,4,506.9714
16,4,606.3323
16,2,423.9524
14.5,2,520.7469
12,1,458.1482
16,4,362.0905
16,4,553.4074
16,2,383.61
16,NA,456.9939
16,3,464.9529
16,NA,605.9358
6,2,553.0251
12,4,498.9312
16,NA,629.704
12,4,480.067
16,NA,494.4354
12,2,492.8509
16,6,486.8048
16,6,448.9938
12,2,555.5792
16,6,650.6185
16,3,363.5479
NA,NA,605.9898
14.5,2,444.7683
16,7,607.0181
9,2,334.2329
12,NA,520.6331
12,4,496.2547
NA,2,375.4829
12,2,548.9765
14.5,2,643.4692
12,2,473.2291
16,3,293.7443
NA,NA,537.091
16,2,485.0268
16,1,448.9482
12,2,452.4751
16,NA,596.9398
16,3,379.7891
9,4,537.6243
14.5,3,706.7951
16,3,602.6542
12,4,387.5693
12,1,403.1578
16,NA,507.703
16,2,412.9279
16,NA,538.9755
9,1,342.0302
16,4,483.6553
NA,NA,465.3508
16,4,572.0324
16,2,396.5402
12,2,500.1958
9,3,291.2634
16,3,454.7903
16,3,473.5029
16,2,525.0398
12,3,471.5436
16,3,535.7254
12,NA,438.3092
16,4,291.4968
12,2,367.733
16,6,579.7387
16,4,493.9795
16,NA,600.4901
12,3,524.6129
12,4,581.5273
16,2,392.7401
16,2,389.4887
14.5,4,484.1544
14.5,3,558.7239
12,2,379.3542
NA,NA,597.31
16,4,470.6041
16,4,541.8961
16,4,666.5586
16,2,342.6496
16,4,376.463
12,NA,507.2847
16,2,435.6051
14.5,3,587.0646
16,6,622.9077
16,4,641.8734
16,6,592.4524
14.5,6,564.0439
16,NA,668.2347
12,1,280.485
16,4,573.38
6,2,348.5943
16,3,391.192
12,2,401.3372
16,4,511.6824
14.5,3,524.5878
16,4,605.4664
9,3,586.3105
16,3,517.942
16,3,572.5569
9,2,456.9441
16,7,552.1306
16,3,537.0243
12,2,382.3582
12,3,505.4328
NA,NA,322.7263
16,4,530.4103
16,3,512.2582
16,4,439.5268
12,3,551.5641
16,2,305.1846
12,4,500.2888
16,6,713.0452
12,2,559.2281
16,4,652.0578
12,2,547.5865
16,4,561.8156
16,3,488.7148
12,2,489.2713
16,NA,495.9489
16,3,480.9463
9,1,445.7982
16,NA,696.1922
14.5,2,507.9241
16,4,660.7789
NA,NA,491.957
16,1,346.5715
16,4,524.4183
12,2,340.1508
9,1,338.2514
16,4,523.4078
9,NA,528.8274
16,3,524.2809
16,4,631.7491
16,3,580.3499
16,6,630.9329
14.5,1,509.3189
12,4,553.6606
16,1,542.7762
12,4,566.9177
12,3,381.8143
16,4,480.934
12,2,483.9217
16,4,505.9037
16,4,578.8228
NA,NA,522.1215
16,4,296.494
16,NA,635.3639
16,2,449.1517
14.5,4,651.4825
12,2,323.8177
12,2,340.9986
12,4,611.7533
3,2,346.1912
16,4,536.1301
12,4,437.5979
16,6,656.8947
NA,NA,298.0852
12,3,618.9518
16,NA,566.422
9,2,527.2973
16,4,651.8487
16,4,608.5067
16,NA,639.0119
12,4,454.3846
12,2,391.8122
16,3,551.3409
16,3,478.307
16,4,575.2603
12,3,480.0585
12,NA,579.7648
12,2,426.9127
16,7,494.1969
16,4,649.9292
NA,2,419.7961
NA,2,332.6278
16,4,532.9689
16,NA,656.2499
NA,NA,533.6979
16,6,634.2573
16,4,562.2551
16,NA,660.1882
12,NA,616.252
16,3,449.4206
16,NA,619.9712
16,4,431.6655
14.5,3,594.9695
12,2,414.4556
16,NA,374.053
14.5,4,676.5716
12,NA,516.7067
16,3,568.9429
12,NA,447.5496
12,4,484.0647
16,4,627.3483
16,NA,420.1902
NA,NA,512.4569
16,NA,693.7829
16,4,727.7235
16,6,545.5953
16,4,587.1096
16,4,493.155
16,7,599.3642
12,2,438.2729
16,6,675.855
12,2,453.5729
12,NA,547.9778
12,NA,646.5647
16,4,657.0374
16,2,465.4339
16,3,419.2272
16,2,328.8559
16,NA,509.227
16,6,664.4746
NA,NA,557.1938
12,2,455.8065
12,1,486.503
16,1,357.5002
14.5,NA,466.4201
16,NA,599.7555
16,3,422.4599
12,1,519.8256
16,2,442.7256
16,4,654.1462
9,4,557.4237
NA,NA,519.2224
16,3,334.4772
16,2,352.2986
12,3,454.1632
14.5,2,349.5049
16,NA,688.3469
14.5,NA,583.0471
12,4,371.6473
12,1,395.6103
12,3,449.5189
12,NA,559.492
16,6,414.3002
16,1,483.2801
16,NA,618.1585
16,3,475.217
14.5,4,445.9701
16,4,524.4475
12,4,583.2694
16,4,526.7077
12,3,312.4308
12,3,432.1452
12,3,292.1823
16,7,363.7147
16,4,633.4029
16,NA,398.1274
16,4,541.2589
12,3,537.7606
16,1,370.9122
14.5,7,605.9766
16,NA,660.9638
16,4,561.1824
16,NA,692.0253
16,3,461.7589
16,1,326.016
12,4,457.7424
16,NA,666.7389
12,2,461.1725
16,1,307.1053
16,1,436.5372
16,4,575.3352
NA,NA,504.7966
9,2,391.3597
16,4,715.3557
16,6,667.9316
16,NA,560.319
16,4,559.0351
12,2,636.7627
12,2,338.8273
12,2,359.0253
NA,NA,519.8167
16,2,523.1262
16,6,599.7956
12,2,415.2567
16,7,618.9017
16,NA,530.0306
12,1,473.9141
16,4,367.8547
16,NA,449.7663
12,2,579.9025
16,NA,620.675
12,4,541.7059
16,3,411.2522
12,6,631.5054
16,1,318.8704
12,3,537.9635
12,2,688.379
16,NA,612.3423
16,NA,276.8858
16,4,490.0947
12,2,346.5038
9,4,357.3274
16,NA,535.8803
16,3,532.0347
16,6,646.0682
9,1,385.7284
14.5,2,582.7169
16,NA,592.4254
16,6,469.7405
16,4,358.2341
9,4,437.0795
12,1,413.1953
12,3,493.1887
12,2,521.4334
16,3,502.6783
16,4,295.9878
14.5,3,541.1404
16,2,349.4976
9,NA,394.4259
14.5,4,629.9475
16,2,601.8727
16,4,405.6061
16,NA,554.756
16,3,441.3259
NA,NA,649.0323
12,3,459.0192
12,2,378.9324
16,2,507.6806
3,2,504.8533
16,3,545.8206
16,6,681.8225
16,NA,616.4779
16,1,377.1746
16,4,598.3091
14.5,2,660.6126
16,4,519.1843
12,2,590.7375
16,3,608.7867
NA,NA,586.418
16,6,549.2849
16,NA,563.8359
16,6,452.1841
16,3,382.2929
12,2,531.6016
16,3,551.4143
12,2,443.6533
16,1,479.7484
16,7,539.7976
16,4,427.6417
16,7,738.7647
14.5,NA,493.0646
12,1,469.9821
14.5,2,459.44
16,4,469.196
14.5,2,602.3355
16,4,571.6623
16,2,284.952
16,NA,692.5087
16,1,329.3053
16,NA,683.6014
16,2,383.3411
16,4,603.5548
16,NA,560.1148
16,2,558.6733
12,2,383.155
12,3,579.7246
16,4,502.3892
12,3,388.7934
12,4,395.3761
16,3,270.4444
16,NA,640.5521
16,4,677.3953
16,4,389.1101
16,4,665.561
12,3,570.4881
12,4,365.0502
16,6,588.1494
14.5,4,544.7677
12,3,515.2366
9,3,562.286
16,1,335.2856
12,4,477.8972
16,1,241.2357
14.5,NA,754.1026
14.5,4,651.3221
16,3,510.7198
16,7,734.4531
16,6,464.0807
16,4,296.3919
16,NA,600.4231
NA,2,400.0017
16,NA,555.6429
12,NA,665.7756
16,3,561.5927
16,3,515.2496
9,3,477.5456
16,3,612.8284
16,4,585.2635
16,2,369.3602
12,3,402.7515
9,3,238.59
16,4,365.8011
14.5,NA,643.0393
16,NA,505.7194
NA,2,463.3333
16,3,656.6297
9,1,544.3325
14.5,4,554.2881
12,NA,458.5226
16,4,664.4483
12,3,494.4677
14.5,4,646.2937
16,2,414.3391
12,6,637.8522
16,6,539.1826
16,1,289.8708
16,4,483.8225
16,1,437.2035
12,2,411.1531
12,4,411.7073
16,6,356.1958
12,4,694.4367
12,4,682.6276
12,4,465.6914
12,4,446.674
16,2,543.3521
16,6,734.8436
16,6,535.4026
16,6,509.5531
12,2,564.1252
12,4,656.0681
12,3,364.4867
12,2,452.7466
12,NA,496.1194
16,3,523.0927
16,3,449.4176
14.5,4,618.0133
16,NA,552.4643
NA,NA,428.4233
9,1,275.4375
16,2,466.7885
16,4,547.0886
16,3,465.7365
16,7,550.3632
16,6,592.8909
16,6,780.0662
NA,NA,557.8671
12,2,469.2464
12,2,490.6287
16,3,574.1243
16,NA,302.7352
16,4,609.0693
16,NA,468.942
NA,4,446.5904
16,6,524.6627
12,6,406.7218
16,4,549.4517
12,1,560.4133
16,4,513.3662
12,4,469.5641
16,NA,657.5281
16,3,511.2616
16,4,494.2204
6,4,660.9243
16,2,430.0856
12,4,599.0927
16,4,702.5624
16,2,407.5691
16,NA,718.2074
12,4,680.4827
16,4,467.3206
16,3,579.0624
NA,NA,394.1006
14.5,3,481.4232
16,3,674.5984
14.5,4,634.9632
16,3,372.1819
16,3,461.751
12,2,505.6547
9,3,455.5637
12,3,521.6945
16,2,466.4899
12,NA,517.1586
14.5,3,458.5439
16,NA,603.048
16,NA,489.0196
16,NA,550.0289
16,3,478.4454
9,2,480.9166
16,6,565.3902
16,3,573.0061
12,1,590.6974
NA,NA,609.8719
NA,2,470.8321
12,3,452.0564
16,7,734.1806
16,4,487.0126
9,3,506.5253
12,1,487.0676
12,2,453.2694
16,3,622.3357
16,3,447.3886
9,2,315.2037
12,1,387.9358
9,3,397.8497
12,3,443.6238
16,4,621.8916
12,2,465.8249
NA,NA,386.2312
16,6,647.64
16,4,644.9722
12,2,424.5056
16,3,544.4736
16,2,613.5619
16,4,593.0443
14.5,NA,424.3741
16,6,648.5589
9,NA,442.3711
16,4,726.9723
14.5,4,742.144
16,3,452.6129
16,4,505.9662
16,4,504.4775
16,4,600.5842
12,4,506.4
12,4,666.6633
12,3,684.1456
12,4,601.6888
16,6,749.5099
16,2,492.9275
16,4,624.0606
12,4,364.6611
16,6,559.9566
16,2,489.5938
12,7,543.2336
12,2,409.0812
16,1,318.2163
16,3,527.4642
16,2,565.5413
16,4,587.2392
12,2,559.9707
16,4,583.6186
12,2,518.0428
16,3,373.992
12,1,647.9565
16,7,658.9978
16,NA,716.7997
16,4,636.4551
16,NA,458.4499
12,NA,496.4785
14.5,2,429.7569
12,1,485.996
16,4,628.2452
16,NA,495.2297
14.5,4,536.5424
12,NA,553.9586
16,NA,440.699
12,4,409.1131
12,4,585.8377
12,3,510.2097
12,4,729.8577
16,6,616.6226
NA,3,480.8243
16,3,625.2053
12,7,662.2509
16,6,462.6281
16,1,464.2451
16,6,639.5186
16,7,748.8446
12,1,367.2247
12,4,645.29
12,3,538.1882
16,4,649.3918
16,7,636.6102
9,2,379.1997
9,3,519.7179
12,NA,623.7946
12,4,513.5012
12,NA,413.138
NA,NA,548.6946
14.5,4,590.0473
9,3,357.2371
14.5,3,507.9737
NA,1,401.1515
12,3,614.4489
16,4,559.3289
16,3,506.7798
12,3,606.3484
12,3,620.2712
16,NA,612.2965
16,4,634.8441
16,6,534.2018
16,6,575.6917
14.5,3,306.88
9,3,544.3668
12,7,435.9852
12,3,468.0229
14.5,2,512.7555
9,3,484.2407
16,6,687.8399
16,7,383.2865
12,3,431.1445
16,NA,644.2057
16,6,501.5762
NA,NA,551.8076
16,4,355.8389
16,NA,579.4023
12,6,603.0691
12,2,476.4553
12,2,529.7486
16,2,404.4517
9,4,428.1163
16,3,440.8008
9,2,421.446
12,NA,568.6692
16,3,380.4271
16,7,449.668
16,3,294.3437
9,6,590.9908
16,NA,567.0359
16,4,427.7452
16,4,522.4276
16,4,463.5411
16,1,230.7995
16,NA,597.1617
16,NA,638.7985
12,4,476.1711
12,2,461.2458
16,4,556.4647
16,NA,491.5217
12,4,436.969
NA,NA,490.6006
16,7,696.2293
16,3,478.2335
16,NA,319.6651
9,3,417.6509
12,4,457.674
16,2,610.3724
16,6,618.7184
9,3,358.1706
16,6,560.2121
12,NA,473.6496
16,2,403.4545
9,3,378.9859
9,2,424.6031
12,4,501.117
16,4,390.3342
14.5,4,606.5092
NA,2,273.1189
16,7,785.1786
12,4,648.8308
16,3,383.7032
12,4,637.2261
16,6,606.3421
12,2,336.5328
16,4,565.3956
12,4,261.2191
16,NA,611.3943
16,2,441.7222
16,4,390.6934
16,NA,717.8176
12,2,491.6089
16,4,578.7797
NA,NA,430.0541
16,2,433.5198
16,2,550.1663
16,2,467.3357
16,3,422.7637
14.5,2,352.1131
16,NA,513.0936
12,4,494.9
16,4,459.0036
12,4,346.6086
16,3,439.1496
16,6,581.3837
16,3,469.1244
9,NA,553.5799
16,3,491.5383
14.5,4,568.176
16,4,510.9097
16,4,563.5409
16,2,459.7757
16,4,609.9829
16,3,461.0994
12,2,541.2379
16,2,554.2116
12,1,482.2123
12,4,407.878
16,4,597.0392
16,4,347.7193
12,3,608.0822
14.5,2,499.0326
6,2,432.6977
NA,2,443.8809
16,4,649.9175
16,3,457.7508
16,4,702.626
16,3,563.0729
16,1,376.2655
9,1,360.7274
3,3,410.4378
12,2,376.1682
16,2,256.3972
14.5,NA,455.06
16,4,626.3551
16,4,431.0406
16,3,467.0845
16,NA,332.5661
16,3,522.0207
16,4,513.7717
12,4,594.3739
NA,NA,353.4077
14.5,4,578.1066
12,2,585.3532
9,2,603.4642
16,NA,357.1131
14.5,4,466.6027
16,4,572.6702
16,2,362.4197
16,1,363.6172
12,2,420.0077
16,3,450.9056
3,3,389.9844
3,2,488.2134
12,2,522.6666
12,4,694.6198
16,2,465.5891
16,7,567.0827
16,4,417.5791
NA,NA,424.5837
9,3,351.2356
6,3,437.9659
16,4,474.6915
16,3,444.502
12,NA,394.5119
12,4,493.682
16,3,683.391
NA,NA,670.7463
16,3,500.2816
12,1,411.4842
16,NA,637.1088
16,2,545.9884
16,3,375.0141
12,3,502.948
14.5,NA,469.3576
12,2,419.7322
12,3,606.3929
12,4,701.4386
6,2,385.901
16,NA,531.7498
12,4,572.3871
16,4,234.1204
16,4,531.3494
12,4,330.3711
16,4,371.9785
12,3,499.6067
16,3,630.954
16,4,577.2517
12,3,440.7785
12,4,470.7653
16,2,343.429
16,2,495.0531
16,NA,665.3227
12,3,527.4904
14.5,3,569.6154
12,7,623.3684
9,2,366.9161
16,4,405.5189
16,7,382.4618
16,1,450.8747
16,2,368.4666
9,1,263.5002
16,3,646.2009
12,2,415.591
16,NA,541.5534
12,3,356.5127
16,4,400.8693
12,2,497.2078
16,4,351.1641
16,4,481.6724
12,4,511.4658
16,6,654.4652
16,NA,582.9551
16,3,524.5116
12,6,555.6874
16,6,562.6719
16,2,511.9015
16,2,625.9358
3,3,621.249
16,4,640.2659
16,NA,371.6115
12,1,254.9132
12,1,419.9284
12,1,464.1706
6,3,509.6097
16,4,370.7183
16,1,460.6638
16,3,516.9912
16,NA,535.984
16,3,500.1726
16,4,526.7417
12,4,667.4893
14.5,NA,396.0103
16,4,405.5695
16,7,493.2949
16,4,680.8488
16,4,521.799
12,1,554.778
16,4,619.839
16,3,608.5393
16,NA,480.1629
12,4,614.0103
NA,NA,511.8211
12,4,512.8172
16,4,583.4282
16,3,480.4139
16,NA,355.4714
16,6,641.5522
16,NA,658.6227
14.5,4,515.5152
16,NA,681.0018
16,4,489.8443
16,2,503.9432
9,2,404.5019
16,4,375.6862
16,4,604.8043
12,3,455.6953
16,3,503.5796
14.5,2,595.4471
16,NA,578.8012
3,1,449.0812
16,4,519.396
16,3,482.9192
12,NA,550.7565
12,1,534.438
16,NA,482.5328
16,4,427.489
12,3,395.3128
16,2,568.9998
12,2,495.2551
16,4,513.05
16,NA,517.184
16,4,481.2165
16,3,445.1589
16,2,542.1312
16,3,475.8841
16,6,638.1747
12,2,555.5796
9,3,485.3458
12,2,355.7297
16,3,495.9516
12,2,508.0756
12,3,330.1893
12,2,277.6849
12,4,449.5427
12,2,333.8363
12,4,606.8818
16,4,575.918
12,2,420.6849
12,2,417.4511
16,4,646.8974
16,4,346.6819
16,4,585.9213
16,NA,541.9756
16,4,475.8839
16,2,415.0015
16,1,356.7126
16,2,544.119
6,3,684.2839
NA,NA,398.6634
14.5,3,466.1004
16,2,360.2671
12,4,406.3809
16,4,576.8445
6,2,570.4148
16,2,335.8954
16,3,534.3016
NA,NA,504.7082
12,4,366.2085
12,3,461.1428
16,3,343.2064
16,2,397.1123
16,2,386.298
12,2,330.7235
16,NA,649.8233
NA,NA,489.9086
16,2,457.6219
9,1,497.838
14.5,3,626.6821
16,6,384.6579
9,3,521.1895
16,1,309.7434
16,4,333.3505
16,NA,624.2346
NA,NA,510.5458
NA,NA,559.7119
NA,NA,484.3977
16,NA,613.2622
16,3,489.6273
12,6,552.5684
6,1,418.6208
12,2,391.0172
16,2,438.2634
12,3,489.2682
16,6,590.0598
12,2,444.3406
14.5,4,488.8914
14.5,2,441.6269
16,NA,559.3708
12,2,420.0713
16,3,547.1898
12,3,517.6464
14.5,1,538.502
16,4,621.7494
9,2,402.3282
9,3,272.581
16,7,249.7683
16,4,678.2858
6,2,485.2847
12,4,642.0837
16,2,505.6763
16,4,461.2247
12,1,486.2767
6,4,658.6364
NA,NA,349.3055
12,3,430.615
12,3,601.2413
9,3,492.3867
16,6,537.6033
16,NA,639.1662
16,4,587.5477
12,NA,557.6808
3,2,410.5804
16,4,619.875
16,3,451.4944
9,4,497.2919
16,4,441.5011
12,3,530.8289
14.5,3,502.9203
16,4,470.3605
16,7,532.5387
16,NA,561.3832
16,NA,595.3954
16,6,589.9101
16,NA,622.4664
16,4,367.1671
16,4,560.8596
14.5,4,395.4468
16,4,518.0491
16,4,751.2648
16,7,466.3829
16,4,470.634
16,2,430.9768
9,3,372.6064
16,NA,678.2072
12,4,712.4213
12,2,539.1903
14.5,4,631.089
16,1,364.2095
12,4,586.1609
12,4,413.644
16,NA,497.531
12,3,554.8512
6,2,435.4476
16,4,488.0367
16,NA,559.1201
16,4,542.0717
12,2,309.301
14.5,4,591.3674
16,NA,687.9443
9,1,541.8835
16,NA,595.5714
12,2,458.1384
12,2,256.4204
16,4,634.2073
12,1,306.1
12,3,419.5107
16,4,539.1293
14.5,1,462.5342
6,3,538.8233
NA,NA,357.4015
16,3,450.177
16,4,567.7871
12,3,557.7216
12,2,468.1718
12,1,300.9437
16,2,491.5753
12,4,332.567
16,4,662.9735
16,2,447.3283
16,1,399.0756
14.5,4,323.2696
16,3,522.979
16,4,634.4956
16,6,653.7096
16,3,379.4464
9,NA,530.3772
NA,NA,421.8037
16,NA,360.776
9,2,394.7197
16,4,524.058
16,4,737.6396
12,1,495.5259
16,NA,617.2637
12,3,539.1495
16,4,514.6096
16,4,634.4726
16,7,625.1848
16,7,712.3543
NA,NA,386.8265
12,NA,633.1627
16,1,405.907
16,NA,373.3611
16,2,432.4549
6,2,427.3154
16,4,625.6278
12,3,635.6034
16,6,449.6564
16,1,308.0774
NA,NA,548.9151
14.5,2,442.1761
12,3,509.1158
16,1,398.3983
16,1,400.5467
16,4,569.4799
12,2,402.871
12,3,553.3651
16,3,497.7508
12,NA,588.433
12,4,656.8505
12,3,452.0816
16,4,471.0275
16,4,421.6283
14.5,3,622.6734
16,2,458.4375
16,4,608.0807
3,2,530.8607
12,3,492.1384
16,3,368.4985
16,3,541.5958
16,4,575.2071
12,NA,534.6142
16,4,416.4392
16,2,604.5861
14.5,1,392.2268
16,4,489.8651
16,7,539.0614
14.5,3,558.214
16,4,613.4656
12,2,292.6498
16,4,674.6364
9,2,369.0315
14.5,4,494.4563
16,4,722.4085
16,2,672.3259
3,3,496.1189
12,3,537.6474
16,4,545.3988
16,4,650.39
14.5,NA,560.8505
16,6,667.1051
12,3,461.9209
12,6,526.1985
14.5,3,316.5816
14.5,6,541.2544
NA,NA,517.416
16,1,439.9055
16,4,490.1527
NA,NA,327.8876
12,NA,441.3768
12,3,694.3507
16,4,665.9021
12,3,407.6924
16,6,606.6623
9,NA,519.5524
12,4,658.7347
16,4,538.1291
16,NA,504.1115
12,2,376.336
12,3,540.7384
16,2,273.1943
14.5,4,682.503
16,6,542.0296
16,3,583.4644
12,4,414.441
16,NA,496.5632
16,4,430.6844
16,4,664.3113
3,2,356.383
16,4,565.0321
16,2,330.917
12,4,604.6301
16,2,486.4485
12,3,533.0191
16,1,279.807
16,6,547.9936
12,2,389.2688
16,NA,557.1165
16,4,597.9486
NA,NA,507.0675
16,4,550.5226
16,3,671.7205
16,3,430.2754
16,2,411.7193
16,3,640.5952
14.5,4,513.2934
16,3,524.3248
14.5,4,479.5721
16,6,539.7552
16,2,549.7941
16,4,538.9799
12,NA,612.7968
14.5,4,529.0025
16,3,485.5596
16,4,574.2992
16,NA,620.3993
9,2,537.1794
12,3,487.5921
16,3,547.2033
14.5,3,388.615
16,3,461.5402
NA,NA,301.0211
16,NA,499.979
16,NA,540.802
12,3,344.3998
12,3,300.4019
16,2,556.1277
NA,NA,544.5087
14.5,3,439.061
16,4,515.6478
16,NA,638.522
16,6,673.5911
12,2,426.3093
12,1,365.2142
9,3,503.3016
14.5,NA,414.5407
16,2,509.3581
16,2,552.3001
14.5,3,538.3323
16,4,399.2947
12,4,628.5699
16,NA,634.0572
9,3,426.19
16,3,572.6045
12,4,509.574
12,2,393.7956
12,NA,634.5007
16,2,401.4431
16,3,648.3177
12,6,653.545
16,4,470.1459
16,NA,606.875
12,2,357.7407
12,2,427.0957
NA,NA,371.6523
16,3,547.0491
12,NA,607.2375
12,1,310.5821
12,1,463.3739
12,4,544.5933
14.5,4,375.0174
16,2,411.8303
16,2,595.9505
16,NA,386.5716
14.5,2,430.8376
12,NA,554.2666
12,2,487.7123
16,1,550.9415
16,6,588.8573
NA,NA,514.8528
16,3,543.0848
12,3,543.9729
16,3,323.7266
16,4,522.2942
16,2,643.9503
12,4,526.3846
16,NA,550.0045
12,NA,395.3242
16,4,676.1163
16,3,578.8683
16,1,422.4868
16,6,608.9192
16,NA,275.1657
16,1,657.6578
16,6,712.2934
16,4,563.4874
12,4,481.9013
12,4,386.2978
16,7,558.3604
16,4,591.7887
12,NA,503.311
16,NA,522.3684
16,2,339.8703
16,NA,570.384
16,4,330.6958
12,3,547.264
16,2,422.2446
16,3,599.287
NA,NA,450.3931
NA,NA,332.6085
12,2,496.5427
NA,2,343.0314
12,3,326.787
9,3,507.1752
16,4,655.6278
16,4,591.5423
12,3,686.12
14.5,2,340.7696
16,3,547.1628
14.5,4,602.1537
16,3,523.012
16,4,507.4145
16,6,694.4792
12,NA,703.4038
16,NA,424.4986
12,NA,569.8465
16,4,549.6885
12,2,301.4659
16,4,541.898
12,4,424.1526
16,3,566.0097
12,2,554.3786
16,2,379.844
14.5,6,478.8254
16,3,356.6567
16,3,417.0558
12,7,280.9788
16,NA,497.6336
16,4,487.0507
16,4,758.8794
16,1,412.2724
12,6,342.4434
16,4,551.0004
12,3,592.2829
16,4,593.0625
16,NA,624.4396
6,3,626.6291
16,NA,535.0569
14.5,NA,532.9963
9,4,535.0633
16,7,611.3412
16,NA,606.485
14.5,4,586.1286
16,4,494.0057
16,6,597.7252
16,NA,626.7581
16,4,474.5303
16,6,670.8927
NA,NA,521.6492
16,2,426.983
16,2,377.201
12,7,248.8251
12,4,319.2811
14.5,3,475.2945
12,1,366.5262
12,4,428.6337
12,NA,610.3681
9,3,435.4156
16,3,579.1775
12,1,259.7429
16,NA,656.4334
12,2,393.9159
16,2,357.2363
NA,NA,486.5645
16,NA,595.6899
12,6,489.9011
16,NA,581.8632
9,3,482.5616
16,3,390.6843
9,NA,487.5549
16,6,512.6726
16,4,513.2894
16,4,525.5203
16,1,400.0586
6,2,541.7671
16,4,661.1817
12,4,628.4944
12,2,545.8786
16,3,516.7282
16,4,269.5137
14.5,3,402.6981
16,4,364.2845
16,3,322.831
16,NA,613.237
16,4,687.5088
16,3,451.5862
14.5,6,477.2743
9,NA,615.0933
16,4,596.4924
16,4,415.1767
16,1,426.8007
16,3,655.6904
16,6,572.1172
NA,NA,539.7214
16,NA,522.6037
16,NA,590.8591
9,NA,544.8508
16,4,449.4459
16,6,619.6447
16,3,415.5
16,4,682.3031
16,2,491.7898
16,2,205.3047
16,4,615.2139
16,4,651.6854
12,1,475.9991
16,6,583.1282
16,3,420.1981
12,2,368.8112
14.5,2,501.2952
NA,NA,438.0485
14.5,2,517.4944
12,2,393.7103
12,2,342.5481
16,2,490.8795
16,3,441.4486
12,1,346.8319
16,1,432.8021
14.5,1,539.3123
16,4,486.7629
16,2,403.4202
NA,NA,421.1464
16,1,263.9333
12,1,408.948
16,4,401.814
16,3,472.2744
9,4,605.1115
16,6,591.5581
16,7,614.385
16,4,471.8636
14.5,3,645.1539
12,2,347.753
12,3,464.6438
16,NA,530.0052
16,3,342.1815
16,2,525.5802
16,4,585.7262
16,6,564.3897
16,NA,612.8178
16,3,305.0232
NA,NA,309.1905
16,4,523.6439
16,1,256.7667
NA,NA,521.7901
12,4,509.8923
16,6,577.8804
12,NA,610.2219
16,NA,666.3557
16,4,542.623
16,1,335.4167
16,7,486.51
